id;name;description;sort_order;date_added;date_modified;status
1;Table;projection Versatile;18566;2020-05-20;2020-05-21;AVAIBLE
2;Checking Account Fresh;transmitting XML orchestrate;99999;2020-05-20;2020-05-20;AVAIBLE
3;hacking Nevada Salad;killer Georgia;329;2020-05-21;2020-05-20;AVAIBLE
4;mesh fresh-thinking Designer;array;58198;2020-05-21;2020-05-20;RESTRICTED
5;deposit Fresh;Bedfordshire visionary;60298;2020-05-21;2020-05-20;RESTRICTED
6;Future Specialist bypass;California;66292;2020-05-20;2020-05-20;RESTRICTED
7;systems Forks schemas;Liechtenstein;1281;2020-05-20;2020-05-20;AVAIBLE
8;Avon;Intelligent Central bricks-and-clicks;67559;2020-05-20;2020-05-21;AVAIBLE
9;National;Savings Account Lithuania Chief;69138;2020-05-21;2020-05-20;RESTRICTED
10;empower;Corners Marshall Islands Public-key;88090;2020-05-20;2020-05-20;RESTRICTED
